1,103,Abby Arsenic,5
2,143,AfroDieTee,5
3,2:44,Dammit Jamit,5
4,480h,Deth Midler,5
5,59,Emma Leethal,5
6,9MK3,Gipsy Danger,5
7,83,Hard Kor,5
8,3.14,Kimber Slice,5
9,2187,Princess Slaya,5
10,2323,Quiver Phoenix,5
11,2503,Raevyn Lunatik,5
12,717,Rocky Whore'r,5
13,880,Sin A. Bunns,5
14,666,Witch E. Woman,5
15,0.44,Dirty Cari,4
16,67,Dora the XplorHer,4
17,24K,Gold DigHER,4
18,651,Grace Ventura,4
19,22,Impaler Swift,4
20,OMG,Killin Mae Smallz,4
21,1945,Malice Aforethought,4
22,1931,Mickey Mental,4
23,1525,Pocket Change,4
24,1221,Pretty Plz,4
25,777,Ruff Ryder,4
26,2-22,Scarlett Knockout,4
27,1999,Sho 'Nuff,4
28,55,Skid Vicious,4
29,32,Spanklin D Rollsevelt,4
30,5150,Allie Bye,3
31,760,Candy Suicide,3
32,616,Craven Cadavers,3
33,6553,Devotchka deLarge,3
34,8,Ginger Mortis,3
35,144,IV Overdose,3
36,100,Kryptic Kaly,3
37,23,Lelu Dallas MultiBASH,3
38,27,Lora stabs,3
39,440,Mourning Madness,3
40,7780,Moxi Mausoleum,3
41,1012,Skeletina,3
42,803,The Panda Face Killer,3
43,217,Vava Doom,3
44,1890,Victoria VanGore,3
45,999,VooDoo Child,3
46,1029,Wreckless Rose,3
47,7656,Zombabiee,3
48,30,Zorra la Bruja,3
49,88,Alabama Whirley,6
50,7.34,Anniemal Style,6
51,401,Autumnus Prime,6
52,1116,Becker Wrecker,6
53,418,Dalek T. Belle,6
54,1121,Hardknock Harli,6
55,24/7,HOT N READY,6
56,101,Hurracane May,6
57,500,Indy,6
58,1031,Kenya Getitenya,6
59,423,Medusom Damage,6
60,81,Nurse Ratchet,6
61,187,Sour Appleteeni,6
62,1982,SZUL,6
63,11,The Kitchuation,6
64,5.7L,WarGirl,6
65,772,Al Anilhate'ya,1
66,714,Ass'h Over Teacup,1
67,2973,Dr No,1
68,420,Elizabitch Taylor,1
69,1,Ellie Mayhem Captain,1
70,3,Goldie Blocks,1
71,1677,Hella Rude,1
72,623,HollyHood,1
73,13,Little Bo Reap,1
74,7813,Lumbre De La Luna,1
75,113,Lux Breaker ,1
76,192,Milani Mangler,1
77,213,Militia,1
78,00,Nova Kane,1
79,298,Punkie Boozer ,1
80,99,RayZer LeggZ,1
81,i4ni,Sissy skatessick,1
82,2115,Wodermelon,1
83,918,Ballistic Buffalo,2
84,0-60,Carla Dang,2
85,1984,Cruzn 4 A Bruizn,2
86,724,Dolly Spartan,2
87,X0X,Eeyor Heart Out,2
88,31,Felony Storm,2
89,68,Juicy Kill'tour,2
90,5,Maiden Asia,2
91,1025,Mary'D to the Mob,2
92,2.0,Nashty,2
93,669,Nikki BadAzz,2
94,172,Peek Atchu,2
95,34,Pretty Hurt Machine,2
96,1976,Strike Her Down ,2
97,824,Venus Vendetta,2
98,241,Whorechata,2